Season,Gameweek,Champion,ChampionProb,ModelFavorite,ModelFavoriteProb,FavoriteIsChampion
2023/24,3,Man City,0.8053333333333333,Man City,0.8053333333333333,True
2023/24,4,Man City,0.774,Man City,0.774,True
2023/24,5,Man City,0.8163333333333334,Man City,0.8163333333333334,True
2023/24,6,Man City,0.8176666666666667,Man City,0.8176666666666667,True
2023/24,7,Man City,0.7023333333333334,Man City,0.7023333333333334,True
2023/24,8,Man City,0.6,Man City,0.6,True
2023/24,9,Man City,0.603,Man City,0.603,True
2023/24,10,Man City,0.672,Man City,0.672,True
2023/24,11,Man City,0.7686666666666667,Man City,0.7686666666666667,True
2023/24,12,Man City,0.7203333333333334,Man City,0.7203333333333334,True
2023/24,13,Man City,0.623,Man City,0.623,True
2023/24,14,Man City,0.49266666666666664,Man City,0.49266666666666664,True
2023/24,15,Man City,0.357,Arsenal,0.4096666666666667,False
2023/24,16,Man City,0.4026666666666667,Man City,0.4026666666666667,True
2023/24,17,Man City,0.30966666666666665,Arsenal,0.386,False
2023/24,18,Man City,0.32166666666666666,Arsenal,0.398,False
2023/24,19,Man City,0.4816666666666667,Man City,0.4816666666666667,True
2023/24,20,Man City,0.48,Man City,0.48,True
2023/24,21,Man City,0.505,Man City,0.505,True
2023/24,22,Man City,0.46066666666666667,Man City,0.46066666666666667,True
2023/24,23,Man City,0.627,Man City,0.627,True
2023/24,24,Man City,0.4673333333333333,Man City,0.4673333333333333,True
2023/24,25,Man City,0.36966666666666664,Liverpool,0.399,False
2023/24,26,Man City,0.36766666666666664,Man City,0.36766666666666664,True
2023/24,27,Man City,0.36733333333333335,Man City,0.36733333333333335,True
2023/24,28,Man City,0.329,Arsenal,0.38566666666666666,False
2023/24,29,Man City,0.33566666666666667,Arsenal,0.39266666666666666,False
2023/24,30,Man City,0.21766666666666667,Arsenal,0.4026666666666667,False
2023/24,31,Man City,0.2643333333333333,Arsenal,0.4553333333333333,False
2023/24,32,Man City,0.4,Arsenal,0.5336666666666666,False
2023/24,33,Man City,0.5093333333333333,Man City,0.5093333333333333,True
2023/24,34,Man City,0.638,Man City,0.638,True
2023/24,35,Man City,0.49633333333333335,Arsenal,0.5036666666666667,False
2023/24,36,Man City,0.7656666666666667,Man City,0.7656666666666667,True
2024/25,3,Liverpool,0.14133333333333334,Man City,0.49766666666666665,False
2024/25,4,Liverpool,0.06533333333333333,Man City,0.541,False
2024/25,5,Liverpool,0.10433333333333333,Man City,0.49066666666666664,False
2024/25,6,Liverpool,0.13866666666666666,Arsenal,0.429,False
2024/25,7,Liverpool,0.15966666666666668,Arsenal,0.437,False
2024/25,8,Liverpool,0.21166666666666667,Man City,0.49866666666666665,False
2024/25,9,Liverpool,0.22333333333333333,Man City,0.5573333333333333,False
2024/25,10,Liverpool,0.34833333333333333,Man City,0.462,False
2024/25,11,Liverpool,0.48333333333333334,Liverpool,0.48333333333333334,True
2024/25,12,Liverpool,0.6203333333333333,Liverpool,0.6203333333333333,True
2024/25,13,Liverpool,0.685,Liverpool,0.685,True
2024/25,14,Liverpool,0.5966666666666667,Liverpool,0.5966666666666667,True
2024/25,15,Liverpool,0.6646666666666666,Liverpool,0.6646666666666666,True
2024/25,16,Liverpool,0.593,Liverpool,0.593,True
2024/25,17,Liverpool,0.739,Liverpool,0.739,True
2024/25,18,Liverpool,0.712,Liverpool,0.712,True
2024/25,19,Liverpool,0.773,Liverpool,0.773,True
2024/25,20,Liverpool,0.7726666666666666,Liverpool,0.7726666666666666,True
2024/25,21,Liverpool,0.7553333333333333,Liverpool,0.7553333333333333,True
2024/25,22,Liverpool,0.814,Liverpool,0.814,True
2024/25,23,Liverpool,0.8086666666666666,Liverpool,0.8086666666666666,True
2024/25,24,Liverpool,0.7576666666666667,Liverpool,0.7576666666666667,True
2024/25,25,Liverpool,0.766,Liverpool,0.766,True
2024/25,26,Liverpool,0.92,Liverpool,0.92,True
2024/25,27,Liverpool,0.9676666666666667,Liverpool,0.9676666666666667,True
2024/25,28,Liverpool,0.9886666666666667,Liverpool,0.9886666666666667,True
2024/25,29,Liverpool,0.977,Liverpool,0.977,True
2024/25,30,Liverpool,0.9853333333333333,Liverpool,0.9853333333333333,True
2024/25,31,Liverpool,0.9953333333333333,Liverpool,0.9953333333333333,True
2024/25,32,Liverpool,0.997,Liverpool,0.997,True
2024/25,33,Liverpool,0.9993333333333333,Liverpool,0.9993333333333333,True
2024/25,34,Liverpool,1.0,Liverpool,1.0,True
2024/25,35,Liverpool,1.0,Liverpool,1.0,True
2024/25,36,Liverpool,1.0,Liverpool,1.0,True
2025/26,3,Arsenal,0.216,Liverpool,0.6683333333333333,False
2025/26,4,Arsenal,0.2743333333333333,Liverpool,0.638,False
2025/26,5,Arsenal,0.21433333333333332,Liverpool,0.7113333333333334,False
2025/26,6,Arsenal,0.3313333333333333,Liverpool,0.571,False
2025/26,7,Arsenal,0.451,Arsenal,0.451,True
2025/26,8,Arsenal,0.5473333333333333,Arsenal,0.5473333333333333,True
2025/26,9,Arsenal,0.6723333333333333,Arsenal,0.6723333333333333,True
2025/26,10,Arsenal,0.6966666666666667,Arsenal,0.6966666666666667,True
2025/26,11,Arsenal,0.651,Arsenal,0.651,True
2025/26,12,Arsenal,0.782,Arsenal,0.782,True
2025/26,13,Arsenal,0.7433333333333333,Arsenal,0.7433333333333333,True
2025/26,14,Arsenal,0.792,Arsenal,0.792,True
2025/26,15,Arsenal,0.6866666666666666,Arsenal,0.6866666666666666,True
2025/26,16,Arsenal,0.6373333333333333,Arsenal,0.6373333333333333,True
2025/26,17,Arsenal,0.6373333333333333,Arsenal,0.6373333333333333,True
2025/26,18,Arsenal,0.6203333333333333,Arsenal,0.6203333333333333,True
2025/26,19,Arsenal,0.7663333333333333,Arsenal,0.7663333333333333,True
2025/26,20,Arsenal,0.8186666666666667,Arsenal,0.8186666666666667,True
2025/26,21,Arsenal,0.8536666666666667,Arsenal,0.8536666666666667,True
2025/26,22,Arsenal,0.8916666666666667,Arsenal,0.8916666666666667,True
2025/26,23,Arsenal,0.79,Arsenal,0.79,True
2025/26,24,Arsenal,0.8736666666666667,Arsenal,0.8736666666666667,True
2025/26,25,Arsenal,0.8763333333333333,Arsenal,0.8763333333333333,True
2025/26,26,Arsenal,0.7996666666666666,Arsenal,0.7996666666666666,True
2025/26,27,Arsenal,0.7706666666666667,Arsenal,0.7706666666666667,True
2025/26,28,Arsenal,0.743,Arsenal,0.743,True
2025/26,29,Arsenal,0.8896666666666667,Arsenal,0.8896666666666667,True
2025/26,30,Arsenal,0.9596666666666667,Arsenal,0.9596666666666667,True
2025/26,31,Arsenal,0.9583333333333334,Arsenal,0.9583333333333334,True
2025/26,32,Arsenal,0.8443333333333334,Arsenal,0.8443333333333334,True
2025/26,33,Arsenal,0.674,Arsenal,0.674,True
2025/26,34,Arsenal,0.7266666666666667,Arsenal,0.7266666666666667,True
2025/26,35,Arsenal,0.897,Arsenal,0.897,True
2025/26,36,Arsenal,0.8256666666666667,Arsenal,0.8256666666666667,True
